Name,Age,City,Country,Occupation
John,30,New York,USA,Engineer
Emily,25,Los Angeles,USA,Teacher
Michael,35,Chicago,USA,Doctor
Sophia,28,San Francisco,USA,Software Developer
Daniel,40,Boston,USA,Architect
Emma,27,Miami,USA,Marketing Manager
Olivia,32,Dallas,USA,Data Analyst
William,45,Houston,USA,CEO
Ava,33,Seattle,USA,Graphic Designer
James,38,Atlanta,USA,Accountant
David,29,New York,USA,Engineer
Hannah,26,Los Angeles,USA,Teacher
Andrew,34,Chicago,USA,Doctor
Grace,31,San Francisco,USA,Software Developer
Ethan,39,Boston,USA,Architect
Isabella,28,Miami,USA,Marketing Manager
Liam,33,Dallas,USA,Data Analyst
Sofia,46,Houston,USA,CEO
Alexander,34,Seattle,USA,Graphic Designer
Madison,36,Atlanta,USA,Accountant